0,1,label,result
|我的学校作文怎么写|,|我怎样去上学校作文怎么学|,0,1
|麻烦您再说下哦|,|麻烦您试下哦|,0,1
|乒乓球拍什么牌子的好|,|什么牌子乒乓球拍弹性好|,1,0
|你会因为什么辞职？|,|辞职了、做什么好呢|,0,1
|第29届奥运会会徽发布时间|,|第29届奥运会奖牌|,0,1
|造梦西游2无敌版下载|,|造梦西游1无敌版下载|,0,1
|怎么样才能关闭蚂蚁花呗|,|能帮我关闭花呗吗|,0,1
|紫色大衣配什么颜色的围巾|,|蓝色昵大衣配什么颜色围巾|,0,1
|开一家奶茶店赚钱吗？|,|开一家饮品店赚钱吗？|,0,1
|08奥运志愿者申请要求|,|写一篇加入奥运会志愿者的申请书|,0,1
|如何使用短线宝软件|,|短线宝如何开通|,0,1
|怎样用手机短信刷钻|,|手机短信怎样刷砖|,1,0
|我的借呗的额度干嘛没有了|,|为什么借呗我申请的额度高就关闭了|,1,0
|社会学专业毕业生的就业方向是什么？|,|当今社会学什么专业比较好？|,0,1
|第一夫人谁作的曲|,|第一夫人是谁|,0,1
|那年冬天风在吹在哪里看？|,|那年冬天风在吹|,0,1
|蚂蚁借呗大约多长时间到账|,|我昨天在蚂蚁借呗里借的什么时候到账呀|,0,1
|可以用邮政储蓄银行卡还花呗吗|,|花呗支持邮政储蓄银行卡么|,1,0
|山西省委书记是谁|,|谁将任山西省委书记|,0,1
|远离雾霾争当环保小卫士手抄报|,"|守护美丽大自然,争当环保小卫士一遍|",0,1
|我是歌手会有第三季吗|,|第三季巜我是歌手》有谁|,0,1
|淘宝试用报告怎么交？|,|淘宝试用报告怎么写|,0,1
|今晚快乐大本营的嘉宾20140719|,|快乐大本营081122的嘉宾|,0,1
|芝麻信用分会影响借呗额度么|,|芝麻分不涨借呗会涨不|,1,0
|情人节送男朋友什么啊？|,|情人节唱给男朋友什么歌|,0,1
|申购基金后多久可以赎回|,|基金赎回的时间说明|,1,0
|明信片怎么用？|,|怎么寄明信片？|,0,1
|我想开通花呗和蚂蚁花呗|,|小蜜，我想开通花呗，怎么不可以|,0,1
|我老公天天都要|,|为什么老公天天碰我|,0,1
|花呗扣款成功，商家未收到钱|,|花呗付款成功，但是商家一直说没到账|,1,0
"|为什么最后系统提示交易失败,失败之后会不会扣款|","|交易没完成,是否会扣款|",1,0
|跪求一部电影！|,|跪求一部关于的龙的电影|,1,0
|资产分析数据不准确怎么办|,|分级基金拆分计算盈亏不对|,1,0
|韩国化妆品哪个更适合中国人群?|,|韩国的化妆品适合中国人使用么?|,0,1
|电脑耳机声音小|,|电脑耳机声音不对|,0,1
|那个动漫人物。或游戏|,|哪部动漫？、、？|,0,1
|赛尔号达尔哪抓|,|赛尔号抓达尔|,0,1
|这个工作人员是不是同花顺的|,|哦我要查个那个谁的工号|,1,0
|信用卡对银行有什么好处|,|请问使用信用卡有什么好处|,0,1
|补肾壮阳吃什么好？|,|吃什么补肾壮阳快|,0,1
|昨天借呗忘还了怎么办|,|借呗还不进去，怎么办|,0,1
|怎样洗脸才干净啊|,|怎么洗脸洗不干净啊？|,0,1
|我喜欢你韩语怎么写|,|韩语我喜欢你怎么说？|,0,1
|怎么给宝宝做照片书|,|宝宝照片怎么挂|,0,1
|花呗用半年，没有升额度|,|花呗可用额度没有增加|,1,0
|鸡蛋怎么样才能立起来？|,|怎样使鸡蛋浮起来|,0,1
|蚂蚁借呗问我怎么用|,|我的借呗怎么使用|,1,0
|什么的旗杆|,|一什么旗杆|,0,1
|有什么办法可以让月经快点结束|,|什么方法让月经快点来|,0,1
|头发干燥怎么办？发质很差。|,|头发发质很差，怎么办？|,0,1
|美的空调好不好？|,|美的空调扇好不好用|,1,0
|您那个认证页面有提示吗|,|是指您的认证页面给您的提示哦|,0,1
|您账户绑定的手机号可用状态吗？|,|您账号绑定的手机号还能正常使用么？亲|,1,0
|刘亦菲哪最漂亮|,|刘亦菲长的好漂亮了|,0,1
|哪个牌子的卫生巾最好用？|,|进口卫生巾哪个牌子好用|,0,1
|怎样给笔记本电脑充电？|,|充电宝怎么样才算充满|,0,1
|花呗退款了为什么还款额没有变，平白无故花呗就增加钱了|,|这笔钱退款了 怎么我的花呗金额没有变|,1,0
|沙发是什么意思|,|抢沙发是什么意思|,1,0
|母亲节礼物？|,|平安夜送苹果怎么送|,0,1
|哪里招在家做的淘宝客服啊|,|淘宝客服可以在家做么|,0,1
|4399弹弹堂怎么使用勋章|,|怎么刷yy弹弹堂勋章|,0,1
|这个月***号用花呗，什么时候还款|,|我这个月要是用花呗那我还款是这个月九号还还是下个月还|,1,0
|我想注册同花顺账号|,|pwd密码要发到哪去注册的|,1,0
|求《御女心经》的下载地址|,|求《走向共和》下载地址|,1,0
|为什么我手机里面还没有蚂蚁花呗|,|为什么我用支付宝很多缺没有花呗|,1,0
|什么嗨歌好听？|,|什么歌好听的|,1,0
|为什么购买不了股票|,|今天怎么买不了基金|,0,1
|中国历史大事件年表|,|中国历史大记事|,0,1
|怎样修复角质层？|,|角质层薄如何修复|,1,0
|保持的近义词是什么？|,|十分的近义词是什么？|,0,1
|如何一笔画成这个图形？|,|如何三笔画成这个图形|,0,1
|百度钱包在哪里下载|,|在哪里可以下载到百度影音|,0,1
|如何借呗更换网商贷|,|借呗如何更改成网商贷|,1,0
|怎么用手机上自己的淘宝店铺|,|手机淘宝怎么搜店铺|,0,1
|您好，网银限额辛苦您联系银行修改一下，辛苦您了。|,|您好，网银限额辛苦您联系银行修改一下限额，辛苦您了。|,1,0
|须臾间是什么意思|,|爱在须臾间是什么意思|,0,1
|新浪微博怎么刷粉丝|,|新浪微博粉丝数怎么涨？！|,1,0
|我的借呗一值在显示放款中，借呗额度显示已经借了|,|借呗一直显示在放款中|,1,0
|我想你了韩语怎么说|,|我很想你韩语怎么写|,0,1
|求赫海文。越多越好…|,|求赫海文。有点要求哦亲。|,0,1
|初二数学，一次函数，谢谢！|,|初中数学求答案！学霸快来呀！|,0,1
|借呗逾期三天会影响信誉吗|,|借呗逾期***天会影响吗|,0,1
|花呗开通后、不使用会产生费用吗|,|花呗额度不使用能产生利息吗|,1,0
|订婚穿什么衣服？|,|男的订婚穿什么衣服好|,0,1
|这个卡通头像叫什么|,|我想问这头像是属于什么类型的|,0,1
|为什么我的花呗额度不能提升|,|我想提高花呗额度买东西|,1,0
|蚂蚁借呗还款，现在不能转进余额宝，要怎么才能还进去|,|我要还借呗，，银行卡里钱无法转入余额宝，怎么办|,1,0
|点拨训练八年级数学下册答案|,|八年级下册数学创新课时训练答案|,0,1
|求一对情侣头像|,|求情侣头像俩张一对的|,0,1
|谢文东第三季用什么看？|,|谢文东第三季什么时候出来|,0,1
|如何锻炼臀部两侧的肌肉|,|男，臀部两侧肌肉如何增大|,0,1
|重复付款怎么办|,|我买了两次咋办|,1,0
|花呗在哪抽奖|,|花呗一分抽奖|,0,1
|求解释！有好评|,|求好评。不解释。|,0,1
|什么的脚步|,|脚步的什么|,0,1
|你什么时候回来看我|,|我在等你，你什么时候回来？|,1,0
|广袤的近义词是什么？|,|无边无垠的近义词是什么|,0,1
|花呗还款能不能找人代付|,|花呗找朋友代付|,1,0
|如何折五角星|,|五角星怎么剪？|,0,1
|现在开什么厂挣钱|,|现在什么最挣钱啊？|,0,1
|什么叫灯头盒|,|灯头是什么来的|,0,1
|支付宝充话费充错号码了怎么办|,|支付宝充值手机话费错了可以退吗|,1,0
|打不开模拟炒股|,"|网络没问题,实盘交易正常,不能登陆模拟|",1,0
|如何开通科创板交易权限|,|哦同花顺的软软件上为什么没有显示哦开通科创板权限|,1,0
|怎么选净水器？什么牌净水器比较好|,|买什么牌子的净水器比较好|,0,1
|能帮我提升借呗的额度吗|,|借呗提升额度为什么不过|,0,1
|跑跑卡丁车，现在还有没有外挂？|,|跑跑卡丁车能用外挂吗？|,0,1
|洛克王国这是什么套装？|,|洛克王国这是什么套装？怎么得？|,0,1
|淘宝刷收藏怎么刷的？有什么流程|,|淘宝刷收藏吗？如何刷？|,0,1
|属兔的今年多大|,|属牛的今年多大|,0,1
|天龙八部的手工怎么做|,|天龙八部怎么才出好手工|,0,1
|这个世界太现实了|,|这个世界怎么太疯狂了？|,0,1
|你们那快递能兼职吗？|,|现在还可以快递吗？|,0,1
|福字倒写怎么写|,|福字要怎么写？|,0,1
|泡泡堂的刷段外挂是什么？|,|泡泡堂有些什么外挂？|,0,1
|兔子为什么喜欢吃胡萝卜的根|,|兔子为什么喜欢吃胡萝卜|,1,0
|怎么查网速啊|,|怎么提网速|,0,1
|怎么挑千眼菩提子|,|千眼菩提子怎么盘|,0,1
|蚂蚁花呗还款金额为什么多***|,|我昨天花呗还款金额哪来的|,1,0
|关联的[机构]卡丢了怎么办|,"|[机构]卡挂失后换新卡,需要重新绑定吗|",1,0
|我17岁怎么样才能搞到1万块钱？急需|,|大家好，我现在急需1万块钱，谁能帮帮我|,0,1
|什么成语是表示绿色的|,|有什么表示颜色的成语|,0,1
|如何邀请好友加入微信群|,|怎么成为腾讯微博内测用户？|,0,1
|芦荟胶去疤吗|,|芦荟胶去痘印吗|,0,1
|用手机注册邮箱？|,|我要注册一个手机邮箱帐号|,0,1
|花呗预期***天怎么办|,|花呗逾期一天，忘记还款怎么办|,1,0
|写出如下词语句子的意思。|,|根据意思写出相应的词语。|,0,1
|花呗逾期几个月，再还上。还能用花呗吗|,|花呗预期了！现在已经还了，还能用吗|,1,0
|矿泉水面膜怎么做|,|矿泉水莹透面膜怎么涂|,1,0
|基金交易状态为受理失败但已经扣款怎么办|,"|[机构]卡已经扣款,但显示交易失败|",1,0
|我的信用***多怎么用不了花呗|,|为什么我的手机***多分了花呗还不能使用|,1,0
"|当天卖出股票所得资金,多久可以转账到[机构]|",|今天买入股票 再卖出的钱可以提现吗|,1,0
|开户绑定[机构]卡不成功怎么办|,|开户绑定[机构]卡不成功|,1,0
|花呗账单没有|,|这个月没有在花呗上花钱，有具体的账单看一下吗|,1,0
|为什么好多店铺不能用花呗|,|我了店铺怎么不能用花呗|,0,1
|花呗付款有短信提示吗|,|花呗支付完成，有提示|,1,0
|科目二考试怎么预约|,|科目三考试怎么预约|,0,1
|德阳最好吃的钵钵鸡在哪里|,|济南那里做的炒鸡好吃啊？|,0,1
|手机号问题|,|换手机号了怎么办|,1,0
|希舒美阿奇霉素片能治疗支原体肺炎吗|,|治疗支原体肺炎是否可以使用希舒美阿奇霉素片吗|,1,0
|注册是注册，绑定是绑定，|,|绑定是绑定，注册是注册。不一样。|,1,0
|怎么对股票设置预警|,|预警怎么设置  取消|,1,0
|超神学院第四季多久上映|,|超神学院第二季几月份出|,0,1
|千金女贼里面的蒋心最后和谁在一起|,|千金女贼大结局蒋心最后与谁在一起|,1,0
|请问肺结核应该怎么不传染到其他人？|,|肺结核在传染期怎样防护？|,1,0
|我的世界怎么开始不了了|,|我的世界怎么联不了机|,0,1
|顾客使用花呗付款有额度限制吗|,|花呗消费有额度限制的吗|,0,1
|忘记同花顺账号和密码怎么办|,|同花顺的帐号忘了|,1,0
|借呗和网商贷有什么不一样|,|借呗和网商货怎么回事|,1,0
|孔雀翎第二部什么时候出来？|,|孔雀翎什么时候拍第二部？|,0,1
|天龙八部的手工怎么做|,|天龙八部怎么才出好手工|,0,1
|利君沙是和医院开的一样的吗|,|利君沙是否和医生开具的是一样的药物|,1,0
|四个字的霸气网名|,|三个字的唯美网名。|,0,1
|短信充值游戏点卡|,|网吧游戏点卡充值|,0,1
|开通来分期还能开通借呗吗|,|我用着来分期 可以用蚂蚁借呗吗|,1,0
|短线宝如何购买|,|短线宝如何使用|,0,1
|苹果手机屏幕有什么问题？|,|苹果手机屏幕上有一条线是什么问题|,1,0
|苹果吃了有什么作用？|,|苹果煮了吃有什么作用|,0,1
|怎样提升额度借呗额度|,|借呗额度提升怎么|,0,1
|我都花呗，上面的手机号码怎么是别人的手机号码|,|花呗号码是他人手机号|,1,0
|大连机票预订电话是多少|,|海口机票预订电话是多少|,0,1
|为什么借呗 之前***个月，现在最多***个月|,|为什么现在借呗最长***个月了|,0,1
|亚都空气净化器怎么样|,|空气净化器怎么样|,0,1
|用了蚂蚁借呗，现在要去银行办理房贷有影响吗|,|使用借呗会影响房贷审批吗|,1,0
|哪里有从网上可以买到香烟|,|网上哪里能买到520香烟|,0,1
|我刚在淘宝用花呗付款了一件衣服|,|我之前用花呗付款买了一件衣服|,0,1
|我的花呗以怎么只能在网上买东西|,|为什么我的花呗只能在淘宝网上购物|,1,0
|建筑文献综述范文|,|计算机文献综述范文|,0,1
|爸爸去哪儿多多贝儿|,|爸爸去哪儿贝儿唱歌|,0,1
|西安什么时候下雪？|,|北京什么时候下雪？|,0,1
|怎样可以娶到乌克兰美女|,|我可以娶乌克兰美女吗？|,0,1
|那个网站的小游戏好玩|,|现在哪个聊天软件好玩点…|,0,1
|为什么借呗不可以借的|,|为什么我的蚂蚁借呗不能用啦|,0,1
|什么软件可以在电脑上玩手机游戏|,|有什么软件可以在电脑上玩手机游戏《梦想OL》|,1,0
|盛况空前的盛是什么意思|,|盛况空前是什么意思|,0,1
|什么颜色招桃花|,|桃花是什么颜色的？|,0,1
|这是什么表情|,|这是什么的表情包…？|,0,1
|图片上的动漫人物分别叫什么出自哪里！|,|人物动画图片，是什么软件|,0,1
|花呗分期后付清|,|花呗分期，后来一次还清吗|,0,1
|怎么用身份证号查询姓名|,|怎么查询身份证号和姓名|,0,1
|请问十字绣的钱包怎么绣啊？|,|有图，这幅十字绣怎么双面绣？|,0,1
|土鳖是什么意思|,|土鲨土鳖是什么意思？|,1,0
|***分钟前使用蚂蚁借呗，为什么还不到账|,|昨晚蚂蚁借呗借钱，今天钱还没到账，是怎么回事|,1,0
|穿越火线游戏|,|穿越火线加速器|,0,1
|花呗冻结后要怎样才能用|,|花呗冻结了怎样还款|,0,1
|花呗如和关闭|,|如何关闭注销账户的花呗|,1,0
|财通证券客服电话是什么|,|有没有财通证劵客服电话|,1,0
|马蚁借呗能分期还款吗|,|蚂蚁借呗钱能分期还吗|,1,0
|用花呗付款还可以使用购物津贴吗|,|使用购物津贴是不是就不能用花呗付款|,1,0
|暴走漫画是什么？|,|这个暴走漫画的图叫什么？|,0,1
|浪花像什么一样|,|什么的浪花|,0,1
|采纳是什么意思|,|意思是什么？必得采纳！|,0,1
|蚂蚁花呗不能分期还款了|,|我的花呗咋不能分期|,1,0
|拉萨市治疗肺气肿哪个医院好？|,|拉萨市医院治疗肺气肿效果好吗？|,0,1
|求这俩人的动漫出处|,|这个动漫求出处|,1,0
|玻尿酸是什么？|,|什么是尿酸高？|,1,0
|求花粉少女漫画越多越好|,|花粉少女注意报漫画求发|,1,0
|男虎女兔相配吗|,|男猴女虎相配吗|,0,1
|可以修改一下花呗还款日嘛|,|花呗还款日能改吗|,1,0
|借呗可以打印流水吗|,|支付宝借呗流水|,1,0
|石家庄明天的天气会怎么样|,|石家庄今天天气怎么样|,0,1
|我已经重置过密码但还是提示错误怎么办|,|重置后的密码为什么还登陆不进去|,1,0
|花呗为什么被关闭了|,|我的花呗是不是被关闭了|,0,1
|付费软件什么时候到期|,"|我的电脑lv2说更新上不去了,另我的手机短线宝也到期了吗|",1,0
|属性为火的字有哪些？|,|有木属性和火属性的字有哪些|,1,0
|孕妇可以用什么护肤品|,|孕妇用吹风机好吗|,0,1
|如何办理更新身份证信息|,"|你好,我的身份证资料过期了,我想要更新,去哪里更新|",1,0
|怎么分辨真假555烟，有图片最好。|,|怎么分辨烟的真假？从包装看。|,0,1
|借呗分期***个月怎么没有|,|借呗分期别的显示是可以分***、***、***、***个月分期，我这个怎么只显示***个月|,1,0
|谁有钱？明星哦。|,|明星谁最有钱|,0,1
|level2如何购买|,|level2-2购买后需要下载吗|,0,1
|贝克汉姆这个发型叫什么？|,|洛克王国这个发型叫什么？|,0,1
|大学生应如何培养法律意识|,|谈大学生如何提高法制观念|,0,1
|我的世界牛怎么驯服|,|我的世界猫怎么驯服|,0,1
|汽车拉手生锈了怎么办?|,|汽车刹车盘生锈了怎么办？|,0,1
|人教版小学数学三年级上册电子书.rar|,|人教版小学数学五年级上册电子课本.rar|,0,1
|男人喜欢女人什么部位|,|女人最喜欢男人的什么部位（身体的）|,0,1
|法院会拍卖我的房子吗|,|法院拍卖的房子能买吗|,0,1
|我花呗为什么用不了口碑|,|口碑不能花呗支付|,1,0
|给领导送礼送什么礼品|,|送领导礼品卡怎么样？|,0,1
|我唾弃你的坟墓下载地址|,|请给一个《我唾弃你的坟墓2》的下载地址|,0,1
|股票行情数据不刷新如何处理|,"|你好我想问一下为什么更新完数据之后然后它那个,就是股票那个总数据显示不出来|",1,0
|《星沉雁远》结局是什么？|,|全部我的爱结局是什么|,0,1
|纯白交响曲PC汉化|,|纯白交响曲攻略|,0,1
|用了花呗，在哪里还|,|我的花呗还款在哪里，怎么点出来|,1,0
|支付宝绑定身份证帐号如果被盗|,|支付宝密码被盗|,0,1
|您好，一个支付宝只能绑定一个淘宝，一一对应的。|,|您好，一个淘宝是只能绑定一个支付宝账户的哦|,1,0
|宅急送，送快递，快吗|,|宅急送，你还是快递吗？|,0,1
|广州哪里好做烧烤|,|广州烧烤场哪里好啊|,0,1
|请问十二生肖懂得爱的动物是什么|,|福慧双修猜一生肖请问是什么动物|,0,1
|不想借呗开通页面|,|如何不让蚂蚁借呗不出现在页面|,1,0
|为什么我国社会主义道德建设要以诚实守信为重点|,|我国社会主义道德建设要以诚实守信为重点|,0,1
|科目三考试有什么通过的技巧|,|科目一考试技巧是什么啊、|,0,1
|花呗账单页面|,|花呗账单是以|,1,0
|我有网商贷可以有借呗吗|,|网商贷和借呗不能同时存在吗|,1,0
|鲁鲁修第三季什么时候出？|,|叛逆的鲁鲁修第三季什么时候出|,1,0
|怎么注销同花顺账号|,"|客服说,我有几个用户名.如何注销多的,废的用户名|",1,0
|我的世界怎么开存档…|,|我的世界龙存档|,1,0
|白果酒怎么样|,|白果多吃，会怎么？|,1,0
|合肥今天天气怎么样啊|,|合肥未来一个月的天气是怎么样|,0,1
|猴和什么相冲|,|属虎跟什么相冲|,0,1
|怎么会有美的小天鹅空调呢！|,|美的小天鹅空调怎么样|,0,1
|电炖锅哪种好|,|电炖锅好吗|,0,1
|我的花呗是否已经全部还清|,|我想看看我花呗是不是全部还清了|,1,0
|怎么做游戏破解版，谁会|,|怎么下破解版游戏？|,0,1
|花呗逾期了，还进去后可以使用吗|,|花呗逾期五天还款还能不能继续使用|,1,0
|支付宝如何转账到余额宝|,|自己余额宝怎么转账到别人支付宝|,0,1
|刚刚我还花呗，银行卡已经扣款了，可是花呗怎么显示我没还|,|刚刚还款，钱已经从银行卡上划走***多，为什么花呗这边没有反应|,1,0
|证券转[机构]操作时提示密码错误|,|资金密码没错怎么显示错|,1,0
|用花呗买了火车票，退票后，什么时候返还花呗的钱|,|买火车票后，花呗扣钱了，取消火车票了，但是花呗钱没有回来|,1,0
|找不到女朋友怎么办？|,|怎么找不到女朋友|,0,1
|时间都去哪了歌词下载|,"|歌词里有这么一句话,时间都去哪了,是什么歌|",0,1
|大便肛门痛！|,|大便后肛门痒|,0,1
|我本月***号使用花呗还款日期是|,|花呗还款日是多久|,1,0
|手机百度云怎么添加视频应用|,|如何在手机上使用百度云|,0,1
|云加一笔什么字？|,|云加一笔有去，还可以是什么|,1,0
|为什么奥特曼打怪兽|,|为什么怪兽打不过奥特曼|,0,1
|你家里人知道吗|,|你这么贱，家里人知道吗|,1,0
|这是什么巧克力|,|这是什么巧克力多少钱|,1,0
|辛苦您耐心等待，麻烦您了。|,|(⊙o⊙)麻烦您了，辛苦您耐心等待|,1,0
|染发霜怎么用|,|染发笔怎样用|,0,1
|异丙托溴铵气雾剂最多一日几次|,|异丙托溴铵气雾剂一天可以用几次|,1,0
|谁知道这个人的名字及资料|,|有谁知道这个女的名字和资料？|,1,0
|使用购物津贴后还可以用花呗支付么|,|用花呗付款 也可以用购物津贴吗|,1,0
|穿越火线怎么卡黑骑士|,|穿越火线怎么刷黑骑士|,0,1
|为什么没有看到花呗|,|我看了我的花呗没有这个|,0,1
|如何挑选正宗的阳澄湖大闸蟹？|,|怎么分辨正宗的阳澄湖大闸蟹？|,1,0
|买了收费产品如何使用|,|买重了产品怎么办|,0,1
|肺结核易感人群有什么症状|,|肺结核易感人群都有哪些？|,1,0
|星际穿越哪里可以看|,|星际穿越能看了吗|,0,1
|您好，是的，麻烦您按照邮件的提示操作一下的，辛苦您了|,|好的，辛苦您具体说一下页面提示，根据页面提示操作一下，麻烦您了。|,0,1
|我的胡子长得太快了~这样是好事还是坏事呢?|,"|怎么样胡子才长得快,长的多~|",0,1
|幸福爱人大结局是什么|,|幸福爱人大结局什么时候播|,0,1
|购买的神奇电波用不了怎么办|,"|神奇电波,我看不到东西|",1,0
|用什么可以细致毛孔|,|什么是细致毛孔？|,0,1
|电脑玩游戏卡|,|电脑玩游戏卡的很|,1,0
|干的桂圆一斤多少钱？|,|百合多少钱一斤？|,0,1
|葫芦娃修改器天天酷跑怎么用|,|怎么下载天天酷跑葫芦娃修改器|,0,1
|跪求千与千寻片尾曲的吉他弹唱谱|,|求春风物语3的片尾曲那段吉他乐。|,0,1
|花呗按时还款的话还会产生手续费吗|,|花呗按时还款需要额外扣费吗|,1,0
|哪里有郭德纲于谦相声高清版的|,|在哪里可以看高清的郭德纲相声！|,1,0
|厦门康源科技有限公司|,|厦门颜泷科技有限公司|,1,0
|徐州旅游社哪个好？|,|信阳哪个旅游社好？|,0,1
|为何现在没有蚂蚁借呗这个服务了|,|有的没有蚂蚁借呗怎么回事|,0,1
|我的基金现金分红什么时候到账|,|[机构]以现金的形式发放是发放到哪里|,1,0
|给姓毛男孩取名|,|于姓男孩取名|,0,1
|在本地能补办外地手机卡不|,|手机卡在外地可以补办吗|,0,1
|广东话(你是谁啊)怎么说？|,|用广东话怎么说|,1,0
|花呗分期提前还款还要收利息吗|,|花呗分***期付款，然后提前还清利息怎么算|,1,0
|淘宝兼职可以做吗|,|平板电脑可以做网上兼职吗|,0,1
|好的电影下载网站|,|下载电视剧的好网站|,0,1
|微信上的零钱怎么提现|,|微信零钱怎么用，微信红包的钱怎么提现|,1,0
|中国最可爱的女孩是谁？|,|中国人最美的女孩是谁？|,0,1
|中国面积最大的城市|,|中国最大城市的简介|,0,1
|周星驰和向太怎么回事|,|谢霆锋和王菲是怎么回事|,0,1
|怎么改为双重否定句|,|他什么都会。怎样改为双重否定句|,1,0
|淘宝信用卡还款，怎么还？|,|你是怎么用淘宝给信用卡还款的|,1,0
|铝的重量怎么算|,|这些重量怎么算|,1,0
|花呗逾期能不能用|,|花呗逾期用不了 多久才能在用|,1,0
|时空猎人怎样刷宝石|,|时空猎人紫宝石怎么得|,0,1
|西安什么时候下雪？|,|南京什么时候下雪？|,0,1
|很抱歉，您的账户没有绑定淘宝账户，小二这边是无法帮您查询您的账户的|,|很抱歉，您的账户没有操作绑定小二这边是无法帮您查询到的|,0,1
|借呗的钱放在余额宝也能自动还款吧|,|借呗会自动扣除余额宝欠款吗|,1,0
|一张纸的元宝怎么折啊|,|一张纸怎么叠摔得元宝|,1,0
|我想提下花呗临时额度，可以提吗|,|花呗能申请临时额度吗|,0,1
|无法修改绑定的手机号码|,"|我想把绑定的手机号那个更换一下,但是我在软件上操作不了呢|",1,0
|水电煤可以使用花呗交吗|,|花呗什么时候可以缴水电费|,1,0
|有没有和鬼咒一样的捉鬼小说|,|有没有像《星辰变》一样的小说？|,1,0
|蚂蚁借呗怎样设置自动还款以余额宝为主|,|怎样设置花呗余额宝自动扣款|,0,1
|你回家吃饭么|,|你妈喊你回家吃饭|,0,1
|开家电维修店还能兼职点什么一起做呢|,|怎么开家电店？家电进货家电售后|,0,1
|用缘分来送别的句子|,|关于缘分的句子|,0,1
|什么鼠标驱动好|,|什么是鼠标的驱动|,1,0
|斗破苍穹是什么类型的小说|,|斗破苍穹的同人小说有哪些？|,0,1
|花呗不够时候可以透支多少|,|花呗额度用完，可以透支一些额度吗|,1,0
|委托登录提示脚本执行错误怎么办|,|登录时出现脚本执行错误的提示|,1,0
|怎样快速瘦手指|,|手指怎样快速消肿|,0,1
|就是***月***号用蚂蚁花呗充了***块钱话费，到现在还没有到账|,|我用花呗充的电话费过了***个小时了还没到帐，怎么回事，辛苦您查查|,1,0
|工商银行星期天上班吗？|,|工商银行星期六上班吗？|,0,1
|蚂蚁借呗不用额度是变吗|,|蚂蚁借呗长期不使用是否会降低额度|,1,0
|属狗和属牛相配吗|,|属狗的和属鼠的相配吗？|,0,1
|北京欢迎你她是谁|,|关于《北京欢迎你》|,1,0
|小孩干大人的电影|,|小孩整大人的电影|,0,1
|属猴女和什么生肖最配|,|属蛇的最配什么？生肖|,0,1
|怎样制作模型急！|,|怎样制作桥模型|,1,0
|什么牌子的钛钢手表好|,|手表买什么牌子|,0,1
|男生冬天穿什么鞋？|,|男生冬天穿什么|,1,0
|申购基金后多久可以赎回|,|货基赎回的钱什么时候可以到帐|,0,1
|[机构]能否使用信用卡或存折开户|,|用信用卡.存折在[机构]开户有没有用|,1,0
|这种叫什么名字…？|,|这种图名字是什么|,0,1
|委托登录提示不能转发到合适的事务处理机|,|登录时显示:连接事务处理中间件失败|,1,0
|胃胀气吃什么药|,|胃胀气吃什么好呢|,1,0
|痴情什么意思？|,|痴情如我什么意思|,0,1
|麻烦您提供一下您的主账户|,|麻烦您都提供一下您的账户|,1,0
|周迅范冰冰谁更红？|,|章子怡和范冰冰谁比较红?|,0,1
|你在那个电厂工作啊|,|你在电厂工作吗？|,0,1
|韩文名字翻译成英文|,|将中文名字翻译成韩文|,0,1
|哈尔滨俄语四级辅导哪里的好呢|,|哈尔滨哪里的俄语四级辅导好|,1,0
|赛尔号勇者之塔41层怎么打|,|赛尔号勇者之塔70层怎么打|,0,1
|亲，可以注册的|,|注销是可以的哈|,1,0
|他的英文是什么|,|英文是什么？|,0,1
|广州有哪些地方好玩？|,|广州明天有哪些地方好玩|,0,1
|派件什么意思？|,|派件中是什么意思|,0,1
|如何拒绝相亲对象，是女孩|,|如何委婉拒绝相亲对象|,0,1
|为什么我喜欢美女|,|我喜欢个美女|,0,1
|电子信息工程属于计算机类吗|,|电子信息工程属于计算机大类吗|,1,0
|拉拉是什么意思？|,|三又拉拉是什么意思|,0,1
|天真的近义词是什么？|,|真的近义词是什么|,0,1
|兰州烧饼是什么意思？|,|兰州拉面是什么意思？|,0,1
|飞机头发型怎么剪|,|如何剪男生头发|,0,1
|时空猎人最好的装备是什么|,|时空猎人装备的品质什么最好|,1,0
|股票账号被锁定如何解锁|,"|帐户被锁,买的股票还是持有嘛|",1,0
|什么是三分频？|,|三分书是什么|,0,1
|蚂蚁借呗能借***天吗|,|借呗可以借十五天吗|,1,0
|我头皮疼是怎么回事|,|q头皮疼是怎么回事|,1,0
|罗红霉素和小儿咽扁颗粒同吃吗|,|使用了红霉素软膏是否还可以服用小儿咽扁颗粒|,1,0
|为什么吃辣的东西会打嗝？|,|为什么没吃东西也打嗝？|,0,1
|这小霸王游戏叫什么名字？|,|小霸王游戏机上有款赛船游戏叫什么名字|,1,0
|大家都笑你打一中国城市名)|,|大家都笑你猜中国地名|,0,1
|自选股丢失了怎么找回|,|自选股不出来|,1,0
|小米路由器怎么抢|,|小米路由器怎么预约|,0,1
|新股申购流程|,|新股如何购买|,1,0
|灰色鞋子配什么裙子|,|灰色西裤配什么鞋子|,0,1
|生死狙击如何破密码|,|怎么改生死狙击的密码|,0,1
|为啥我的借呗给我关了|,|借呗怎么给取消了|,1,0
|女孩五行缺金取名|,|五行缺金，属牛，女孩取名|,1,0
|您的这笔交易号提供下，辛苦您了。|,|麻烦您提供一下您说的交易的交易号。|,1,0
|我长得像明星?|,|我长得像那个明星了|,0,1
|脸上的痣代表什么意思|,|女子脸上有痣代表什么意思|,0,1
|什么东西养胃？|,|喝什么东西养胃|,0,1
|怎么让脚变长？|,|怎么让脸变长|,0,1
|刚哥哥韩语怎么写？|,|哥哥用韩语怎么写？|,1,0
|花呗能乘公交车吗|,|花呗可以刷公交车吗|,0,1
|年前还是年后好找工作|,|年前工作好找吗？|,0,1
|天天酷跑哪个人物好|,|天天酷跑的新人物有那些|,0,1
|郑州做双眼皮需要多少钱|,|郑州做双眼皮大概多少钱|,0,1
|秦始皇是哪个朝代的|,|岳飞是哪个朝代的|,0,1
|怎样提高智商|,|想提高英语成绩|,0,1
|如何查看基金历史盈亏|,|五年的盈亏分析应该能够查询|,0,1
|爸爸去哪儿第二站第三期贝儿唱的是什么歌|,|新西兰爸爸去哪儿贝儿哼的什么歌|,0,1
|腾讯出的洛克王国是抄袭彩虹城的吗？|,|请问腾讯的洛克王国抄袭的彩虹城的游戏吗？|,1,0
|为什么 蚂蚁借呗用不了了|,|蚂蚁借呗打不开了|,0,1
|酷跑外挂怎么下载|,|酷跑外挂怎么使用|,0,1
|什么风细雨|,|细雨(什么)|,0,1
|在家带小孩怎么赚钱？|,|我如何靠写歌词来赚钱|,0,1
|提示登录超时或者连接主站失败|,"|交易登陆总是提示登陆超时或系统服务器忙,为什么|",1,0
|求图片：凌尔芬做我女朋友吧|,|求图片：尹武华的女朋友|,0,1
|你看到的我是蓝色的。|,|因为你看到的就是蓝色|,0,1
|教师节送什么给老师？|,|教师节送老师什么花|,1,0
|抱歉，这边没有收到，辛苦您重新填写一下|,|抱歉，您填写的信息我们这边没有检测到，请您重新填写下的，辛苦您了。|,1,0
|电动车电机什么样的好|,|电动车电机号|,1,0
|石家庄都有什么特产？|,|常州有什么名吃，什么特产？|,0,1
|level2如何购买|,|你好!我想要购买同花顺280元的软件|,0,1
|十字架牌子叫什么|,|十字架是什么牌子的包|,0,1
|腾讯新闻评论怎么删除|,|怎么删除好友的评论？|,0,1
|无法修改绑定的手机号码|,|这个要换这个绑定的手机注册的账户的更换绑定的手机不能更换怎么办|,1,0
|为什么我家问道进不去了|,|我家的问道今天怎么进不去|,0,1
|手机已经注册过了怎么重新注册|,|我那个手机号以前都是注册了我想重新这个注册手机号|,1,0
|我是聋哑人找工作在哪里？|,"|聋哑人适合找什么工作,哪里需要|",0,1
|凡客体是什么？|,|我的凡客体是什么|,0,1
|这是什么酒，多少钱一瓶|,|这是一瓶什么酒，|,1,0
|定期理财持有到期实际收益有多少|,|固收理财产品持有到期后实际收益有多少|,0,1
|合肥有什么蛋糕房啊|,|合肥最好的蛋糕店？|,0,1
|吃什么能让狗长胖点？|,|吃什么菜可以长胖些|,0,1
|我是歌手第二季有几期？|,|我是歌手第二季拉是第几期来的|,0,1
|我余额宝有钱借呗不是自己扣的吗|,|蚂蚁借呗余额宝可以自动还款吗|,1,0
|那您登录您的手机号账户查看一下哦亲|,|是的，辛苦您是登录这个手机账户查看下的。|,1,0
|赛尔号之巴弗洛什么性格最好？|,|赛尔号巴洛卡和波克尔哪个厉害？|,0,1
|花呗***逾期一天利息多少|,|花呗逾期的利息怎么算|,1,0
|世界上最小的国家叫什么名？|,|世界上第一个人叫什么名字？|,0,1
|时空猎人破解版添加源|,|安卓时空猎人破解版|,0,1
|电影夜店的插曲是什么歌？|,|电影夜店朱辽唱的插曲叫什么|,1,0
|女人夏天带胸罩，热吗？会不会出痱子？|,|女生可以赤膊吗，夏天很热，不想带胸罩|,0,1
|用同花顺交易收不收费|,|我每交易一次多少钱手续费|,0,1
|如何使用涨停助手|,|涨停基因付款后怎么用|,1,0
|现在流行什么歌？|,|现在最流行谁的歌，或者什么歌|,0,1
|您提交后才可以帮您进行审核的哦|,|完成审核后，就可以的|,0,1
|求以下轻小说|,|求以下小说合集|,0,1
|同花顺账号登录不上去怎么办|,|我的平板豋录同花顺用手机账户为什么上不去|,1,0
|怎样榨果汁才好喝？|,|宝宝怎么喝果汁才正确?|,0,1
|红领巾是指什么|,|红领巾像什么|,0,1
|借呗逾期已还清 负面什么时候消除|,|借呗逾期之后负面记录能消吗|,1,0
|高端产品用不了怎么办|,|买了没法用|,0,1
|我支付宝手机号为什么跟花呗手机号不一样|,|支付宝的验证手机和花呗不一样为什么|,1,0
|身上酒精着火怎么办|,|电视着火应该怎么办|,0,1
|三星5308手机如何截屏|,|三星手机长图如何截屏|,0,1
|花呗的怎么一次还清|,|分期的花呗，如何提前还清|,0,1
|火车票改签可以改别人吗|,|本人身份证买到的火车票可以改签给别人吗|,1,0
|英皇国际娱乐会所|,|成都英皇娱乐会所地址|,0,1
|想回家乡的想用日语怎么念|,|回家日语怎么说？|,0,1
|不要你做我的姐姐|,|我不要做你的姐姐|,0,1
|粗心大意是什么生肖|,|又懒又丑的生肖是什么|,0,1
|现在流行什么歌啊|,|现在最流行什么？|,1,0
|环己烷的结构简式|,|二溴环己烷的结构简式|,0,1
|中国男篮今天的比赛几点开始？哪个台直播？|,|中国好声音第二季第一期今晚会播出吗？|,0,1
|能否重新起用花呗|,|花呗封了多久能重新开通|,1,0
|谁喜欢王源？|,|谁喜欢王俊凯？|,0,1
|网上有哪些赚钱门路？|,|行之有效的赚钱门路有哪些|,0,1
|手机小说下载网站|,|什么软件可以让电子书自己阅读|,0,1
|安然是什么意思？|,|安然对待是什么意思?|,0,1
|嫂子过生日送什么好呢|,|小姑子过生日嫂子送什么礼物好|,0,1
|可以提升借呗额度麽|,|借呗还会提升吗|,0,1
|死痛苦吗，怎么样死不疼，|,|怎么死最痛苦|,0,1
|你哪里黑鬼香烟怎么卖呢|,|你这里还卖黑鬼香烟不？|,0,1
|新成立的基金什么时候可以赎回|,|新设立的基金什么时候可以卖|,1,0
|手机已经注册过了怎么重新注册|,"|我这个那这个手机已经注册过同花顺,还能再注册一次吗|",1,0
|有什么好的打字软件？|,|有什么好的打字测速软件|,0,1
|为什么人都喜欢欺负人？|,|为什么那些欺负人的同学那么喜欢欺负人。|,0,1
|忘记股票账号和密码怎么办|,"|手机上看不到资金帐号,怎么办|",1,0
|这样的指甲怎样修好看？|,|怎样让指甲变好看？|,0,1
|怎么切油条啊|,|怎么做油条？|,0,1
|崔璀结婚了吗？|,|晟敏结婚了吗？|,0,1
|买什么好呢？|,|开什么店好呢？|,0,1
|花呗 支付密码忘了 怎么能决了|,|花呗支付密码忘记怎么办|,1,0
|睡美人最怕的是什么？|,|睡美人最怕得什么病|,0,1
|今晚有奔跑吧兄弟吗？|,|奔跑吧兄弟今晚你看吗|,0,1
|去哪里下载阿里旺旺号呢|,|阿里旺旺卖家版在哪下载？|,1,0
|用的花呗付款怎么退款|,|花呗付款后没有收到货怎样退款|,1,0
|四川属于什么气候|,|四川重庆属于什么气候|,0,1
|肚子痛，拉肚子|,|肚子痛，却不拉肚子|,0,1
|花呗额度什么时候调整|,|我使用的花呗什么时候到期|,0,1
|贾斯汀比伯的女朋友是谁？|,|贾斯汀比伯的前女友是谁？|,0,1
|大树用什么多少能把他弄死？|,|大树用什么药弄死|,1,0
|只要余额宝有钱花呗就会自动扣款对吗|,|蚂蚁借呗会自动从余额宝扣款还款吗|,1,0
|微信公众平台内的选项如何使用|,|如何创建微信公众平台|,0,1
|我怎么宣传|,|怎么宣传群？|,0,1
|新基金认购失败怎么办|,"|认购基金失败了,钱什么时候退|",1,0
|求一张茉莉花的动漫图片|,|求花千骨的动漫图片|,0,1
|花呗开通了怎么关|,|怎么关闭花贝|,1,0
|注册同花顺账号提示已注册怎么办|,|那个注册它说我这个手机已经被注册的|,1,0
|请教爱好旅游的朋友|,|爱好旅游打一书名|,0,1
|车行名字|,|服装公司名字！|,0,1
|好看的武侠小说|,|最好看的武侠小说|,0,1
|红绳子怎么编戒指|,|绳子怎么绑戒指|,0,1
|花呗逾期了 现在已经还了 什么时候可以再使用|,|逾期后还清还可以用花呗吗|,1,0
|帮忙给我的小孩取个名字吧|,|大家帮忙给我小女取个名字吧，我姓吴|,0,1
|你能不能帮我查一下我借呗的钱转到哪里去了|,|帮我查一下我***号在蚂蚁借呗借的钱.转到哪里去了|,1,0
|我有借呗，也是这个手机号可是读取联系人怎么收不到验证码|,|借呗手机号换了收不到验证码|,1,0
|注册问题|,|原来注册过一个账户|,1,0
|重置密码时忘了绑定的[机构]卡号怎么办|,|我的忘记了登录密码和绑定的[机构]卡号码怎么办谢谢|,1,0
|请问您操作认证时显示的失败是什么呢|,|请问是操作认证的时候回提示失败吗？|,0,1
|教师招聘考试都考什么？|,|大学教师招聘考试都考什么内容|,0,1
|“为之汗颜”是什么意思？|,|“汗颜”是什么意思啊！|,0,1
|新浪微博怎么不被封号|,|新浪微博怎么又封号了|,0,1
|有哪些好听好唱的经典粤语歌|,|有哪些比较经典的粤语歌|,0,1
|软件提示闪退或者停止运行或者无响应或者黑屏|,|我的账号这段时间老是突然停止运行|,1,0
|花呗按最低还款，计息是|,|花呗的最低还款支付后，其他的是以每天***％计利息吗|,1,0
|头孢过敏了还能用罗红霉素吗?|,|对头孢阿莫西林过敏可以吃罗红霉素吗|,1,0
|求一幅人体骨架图，还有详细的各骨骼名称。|,|求一张详细的人体骨骼图，尤其是腰椎部分|,0,1
|问下现在那里有能做汽车对比的网站啊？|,|现在国内做汽车评测的网站哪家最好|,0,1
|股票账号被锁定如何解锁|,|我的密码被锁定了如何解锁呢|,0,1
|奥特曼格斗进化|,|奥特曼进化格斗3|,0,1
|花呗借呗怎么转到另一个手机号码上|,|我的花呗是一个不用的号码，现在能转到我现在的号码吗|,1,0
|王源喜欢什么颜色的鞋子？|,|王源喜欢穿什么颜色的内裤？|,0,1
|成年患者应该是怎样服用健民咽喉片的|,|成年人服用健民咽喉片的用量是多少|,1,0
|我驾照还没有考，可以买车吗|,|没有驾照，可以买车吗？|,1,0
|登录提示账户或密码错误怎么办|,|软件提示我验证码错误怎么办|,0,1
|肺气肿老人不能手术还能怎么治？|,|宝宝患肺气肿能治愈吗|,0,1
|郑板桥是哪个朝代的人|,|郑板桥是哪个朝代的著名画家(|,1,0
|花呗还款日更高|,|花呗能不能设置时间还款|,1,0
|主角魔武双修的玄幻小说？|,|求异界的小说主角魔武双修的|,1,0
|你是我的小苹果是什么歌|,|你是我的小苹果是谁得歌|,0,1
|怎么吃三文鱼最好吃？|,|三文鱼皮怎么做好吃|,1,0
|跟女朋友离别送什么礼物最好|,|好朋友要离别了，不知道送什么礼物好|,0,1
|同花顺钱包如何转出|,|同花顺钱包里的钱怎么转到銀行卡里|,1,0
|支付宝可以去买充值卡吗|,|手机话费能买充值卡吗|,0,1
|如何切葱不流泪！|,|怎样切葱，姜，蒜不流泪？|,1,0
|工作室取名|,|如何给科技公司起名？|,0,1
|我妹妹漂亮吗？|,|这个妹妹漂亮吗？|,0,1
|把成语补充完整：功()无()|,|请将成语补充完整|,1,0
|刘诗诗更红还是杨幂|,|杨幂好还是刘诗诗好|,0,1
"|当天卖出股票所得资金,多久可以转账到[机构]|","|我卖出股票后,当天不能转出到[机构]吗|",1,0
|晚安用韩语怎么写|,|晚安，用韩语怎么说？|,0,1
|永恒生命哪里打|,|永恒生命哪里出|,1,0
|请问抗酸杆菌阴性是否证明未患肺结核？|,|请问抗酸杆菌阴性正常吗？|,0,1
|郑州动物园属哪个区|,|郑州动物园、|,1,0
|借呗提额查询|,|点开借呗提示有提额机会|,1,0
|洛克王国这个发型哪里弄的|,|洛克王国的这个发型在哪里？|,0,1
|热熔胶棒可以用来做什么？|,|热熔胶能粘什么|,0,1
|股票已经卖出了资金没有回到可用|,"|我原来持有3个股,发现在2月初就卖了,资金怎么没有在我账户里|",1,0
|软件打不开怎么办|,|我下载同花顺软件下载下来之后它不支持打不开|,1,0
|没有驾照可以买车吗？|,|我驾照还没有考，可以买车吗|,1,0
|我的股票交易佣金是多少|,|我的佣金是怎么算的|,1,0
|花呗可以提到卡里面吗|,|花呗可以直接提现到银行卡吗|,1,0
|花呗延期了可以分期吗|,|花呗逾期一个月还可以分期还吗|,1,0
|怎样在淘宝网上找自己的店|,|谁会在淘宝上上传宝贝|,0,1
|你最近在追什么电视剧啊？|,|最近有什么看的电视剧|,0,1
|1《火影忍者》的原作者是谁|,|火影忍者疾风传的作者是谁|,0,1
|刚授权了借呗怎么进不到|,|蚂蚁借呗怎么进去了用不了|,1,0
|资产分析数据不准确怎么办|,|我如何能查近五年的盈亏数据|,0,1
|有哪些动物要冬眠|,|不冬眠动物有哪些|,0,1
|陌陌怎么传照片|,|陌陌怎么存照片|,0,1
|快递什么时候放假|,|快递员什么时候放假|,0,1
|求一个绅士の庭账号|,|求一个绅士道账号|,0,1
|自选股丢失了怎么找回|,|手机电脑自选股不显示了.怎么回事|,1,0
|重庆到成都动车经过哪些站|,|成都重庆动车|,0,1
|注册问题|,|我注册的这个同花顺|,1,0
|我蚂蚁借呗逾期了一次咋办|,|借呗逾期一天，怎么办|,1,0
|多少信用分可以用蚂蚁借呗|,|借呗多少信用分才能开通呀|,1,0
|桥牌怎么玩怎么去呀|,|桥牌怎么玩|,0,1
|我的退款，进入了哪里，有几笔我退款了钱进去了花呗，我为什么还的还这笔钱|,|花呗退款了为什么还要算入账单|,1,0
|借呗额度怎么涨|,|蚂蚁借呗怎么提升快|,1,0
|表示时间慢的成语都有哪些|,|表示时间很短的成语|,0,1
|借呗还款了怎么还没恢复额度|,|蚂蚁借呗还款后没有恢复额度|,0,1
|怎样制作电子新年贺卡|,|幼儿园怎样制作新年贺卡|,0,1
|红色背景配什么颜色的字好看|,|红色背景门牌配什么颜色的字好看|,0,1
|如何提高淘宝店铺浏览量？|,|怎样提高淘宝店铺信誉，销量|,0,1
|基金撤单如何操作|,|基金赎回可不可以撤单|,1,0
|怎么做工伤认定|,|怎么写工伤认定|,0,1
|求一个爱奇艺会员的账号|,|求一个可以用的爱奇艺会员账号|,0,1
|你咋那么牛和你真墨迹是什么意思|,|你真墨迹是什么意思|,1,0
|在哪开通花呗|,|商家怎开通花呗|,0,1
|下载游戏如何解压？|,|怎么下载解压的游戏|,0,1
|今年流行什么颜色头发|,|今年男生流行什么头发颜色|,0,1
|level2如何购买|,|问一下leveltwo怎么卖|,0,1
|谁能告诉我图片里的人是谁？|,|谁能告诉我这个图片是谁？|,1,0
|氨酚麻美干混悬剂和小儿清肺化痰颗粒是一类药吗|,|氨酚麻美干混悬剂和小儿清肺化痰颗粒是否同类药|,1,0
|求语言文字不规范闹出的笑话|,|求一则由文化或语言差异引起的笑话|,0,1
|破韩国什么东西好吃？|,|韩国有什么好吃的东西|,1,0
|女生不能送男生什么礼物|,|女生送男生什么礼物比较好|,0,1
|天天酷跑开外挂的软件是什么|,|天天酷跑外挂什么软件好|,0,1
|哪个网站包包最好看|,|那个网站的言情小说最好看啊|,0,1
|小孩不吃饭我该怎么办|,|我要疯了咋办小孩不吃饭怎么办|,1,0
|足球明星谁最牛|,|足球明星是谁|,0,1
|中山服装批发市场在哪里|,|青岛小商品批发市场在哪里|,0,1
|兄弟和酒的歌曲|,|讲兄弟情的歌曲|,0,1
|京东的东西可靠吗|,|在京东买东西可靠吗|,1,0
|这个是什么牌子的钢笔？|,|什么牌子的钢笔好|,1,0
|科比什么时候复出？|,|朗多什么时候复出|,0,1
|雷霆战机怎么赚钻石|,|雷霆战机怎么刷钻石啊|,1,0
|这样的指甲怎样修好看|,|怎样让指甲变好看？|,0,1
|人人网怎么上不去|,|人人网怎么搜别人|,1,0
|想去加拿大打工怎么样|,|怎么去加拿大打工|,0,1
|飞机用什么燃料|,|飞机用燃料用什么油|,1,0
|求艺术签名：袁慧文，谢谢。|,|求艺术签名：营石琳！|,0,1
"|除了黄瓜美容,还有什么可以|",|浦乳期妈妈除了黄瓜美容之外还有什么可以美容的|,1,0
|谁有魏晨的照片|,|谁有所有的魏晨的照片？|,0,1
|淘宝就可以用。支付宝用不了花呗|,|淘宝用不了花呗支付了|,0,1
|造纸术发明的时间是什么|,|蔡伦在什么时候发明的造纸术|,1,0
|火影忍者里这个人是谁，厉害吗|,|火影忍者中谁最厉害|,0,1
|我要终止定投要怎么做|,|我要撤销定投|,1,0
|用同花顺交易收不收费|,"|通过贵平台买卖股票,另外收费吗|",1,0
|网页怎么打不开|,|爱拍网页打不开怎么|,1,0
|求一张《灼眼的夏娜》的图片|,|求这样的图片一张|,1,0
|淘宝店铺如何引流量|,|怎么看别人淘宝店铺的流量|,0,1
|花呗伸手分期取消一次还完|,|***月份的花呗分期在哪能取消|,0,1
|什么视频可以看湖南卫视的直播|,|视频直播吧里能看足球吗|,0,1
|平板电脑能在线看电影吗?|,|平板电脑能上网吗|,0,1
"|当天卖出股票所得资金,多久可以转账到[机构]|","|当日卖出股票所得,明天会到[机构]卡吗?明天是国庆节,还能进行操作吗|",1,0
|日语おくびょう？是什么意思|,|日语とりゃあ是什么意思|,0,1
|现在哪里能看继承者们全集|,|继承者们全集韩语中文字哪里有|,1,0
|怎么删除评论|,|怎么删除我评论别人说说的话|,1,0
|花呗可以推迟到每月***号以后还款吗|,|花呗是每月还款可延长***天到***日还款吗|,1,0
|男性肾阴虚吃什么|,|男性肾阴虚吃什么药|,1,0
|还有就是蚂蚁借呗也突然不能用了|,|花呗就是不涨 。快一年了|,0,1
|您查询您的红包的使用红包的范围的话具体的提示您的使用范围是什么？|,|建议您点击红包，查询一下红包的使用范围，操作使用就可以的，辛苦您了。|,1,0
|艾青《向太阳》的内容|,|艾青《太阳》抒发的感情|,0,1
|陈翔承诺的空间链接，用于背景音乐|,|陈翔的承诺歌曲链接。|,0,1
|玲珑轮胎怎么样|,|玲珑轮胎怎么做|,1,0
|我的借呗信用很好为什么会停用|,|我并没有拖欠还款，为什么停了我的借呗|,1,0
|证券转[机构]转不了怎么办|,"|在吗你好我的账户钱卖出来两天了,为什么转不出来|",1,0
|《乡村四月》这首诗的作者的背景资料！|,|《乡村四月》一诗表现了作者怎样的思想感情？|,0,1
|自己生日写什么好呢|,|自己生日要什么说，才好|,0,1
|辛苦您拨打商户的客服电话咨询一下的|,|辛苦您拨打银行的客服电话咨询一下的|,0,1
|手机可以连接电脑上网吗|,|电脑能通过手机上网吗|,0,1
|为什么系统会提示股票代码不存在|,|我的复牌股票为什么显示股票代码不存在|,1,0
|吃什么可以催情。|,|什么歌催情|,0,1
|2012中国达人秀报名时间|,|参加中国达人秀的参赛流程|,0,1
|终极蜘蛛侠存档要有毒液的|,|给我个终极蜘蛛侠换毒液的存档|,1,0
|长痔疮吃什么药才能好？|,|痔疮吃什么|,0,1
|酒后驾车如何处罚|,|酒后驾车撞人了，怎么处罚|,0,1
|天天酷跑最新外挂怎么下载|,|天天酷跑的外挂怎么下载|,0,1
|饭店可以用花呗付款|,|花呗可以线下实体店用吗|,0,1
|Y现任联合国秘书长是谁？|,|现任联合国副秘书长是谁？|,0,1
|洗面奶都有哪些好用的牌子|,|想买台洗衣机，什么牌子比较好啊|,0,1
|花呗这个月充值多少了|,|花呗每月可以冲多少点卡|,0,1
|1992年的一元硬币有收藏价值吗？|,|2000年的一元硬币有收藏价值吗？|,0,1
|避孕套怎么使用爽？|,|避孕套怎么使用|,1,0
|为什么我的手脚经常会短暂住麻痹|,|为什么睡觉的时候会出现手脚麻痹呢|,0,1
|同花顺钱包如何转出|,|同花顺钱包如何转到[机构]卡|,1,0
|英国菜都有什么|,|急！英国有什么车|,0,1
|一块钱能做什么？|,|如果给你一块钱，你会去做什么？|,0,1
|level2中的分时突破是什么意思|,"|突,积是什么意思|",1,0
|杭州同济医院怎么走|,|杭州同济医院怎么去|,1,0
|正三角形分割成三个大小相等的等腰钝角三角形|,|画出三角形三个内角的平分线|,0,1
|男童穿的有什么牌子|,|男童鞋什么牌子好|,0,1
|基金收益什么时候能显示|,"|[机构]证券双月盈t14还有几天到期了,怎么没见一分钱的收益|",1,0
|怎么现在花呗不能充话费了|,|我的花呗为什么不能充值话费了|,0,1
|为什么新开的支付宝，花呗没有，余额宝无收益|,|花呗没还清余额宝是没有收益的吗|,0,1
|护士可以转行做什么呢、|,|我干护士一年了不想干转行可以做什么啊|,1,0
|裤子都有哪些品牌|,|品牌男鞋子有哪些|,0,1
|王维被后人称为什么|,|辛弃疾被誉为诗什么|,0,1
|如何购买神奇电波|,|之前我想买那个那个红绿波是怎么卖的|,1,0
|赛尔号勇者之塔41层怎么打|,|赛尔号勇者之塔49层怎么打|,0,1
|求一部法国轻喜剧电影的名字|,|求一部法国黑色喜剧的电影名字|,0,1
|身份证过期会不会影响借呗|,|身份证过期借呗会被停止使用吗|,1,0
|求马里奥小黄的表情包|,|求马里奥小黄表情包|,0,1
|怎样炒小白菜|,|如何种小白菜|,0,1
|怎么我借呗 接不了|,|蚂蚁借呗借不了怎么回事|,1,0
|卡卡是谁|,|德卡卡了是谁|,0,1
|圆脸用什么发型较好|,|留长发好还是短发好|,0,1
|为什么无法转账|,|怎么转账转不进啊|,0,1
|些使用是蚂蚁借呗的条件|,|蚂蚁借呗咋才能用|,1,0
|怎么我的花呗不能正常使用|,|我的花呗为什么不能购物|,1,0
|糖洗脸有什么好处|,|用自己的尿洗脸有什么好处|,0,1
|[机构]转账提示证件过期怎么处理|,|资金转出 显示身份过期怎么办|,1,0
|花呗用超了***怎么办|,|花呗用超了一千多块钱怎么办|,1,0
|香奈儿手表怎样吗？|,|仿香奈儿手表怎么样|,0,1
|女人吃榴莲有什么好处|,|吃榴莲对身体有什么好处和坏处|,0,1
|肺气肿什么原因造成？|,|肺气肿和肺大泡的区别是什么|,0,1
|那些小游戏最好玩？|,|最好玩的软件有哪些|,0,1
"|女性小腹胀痛,还想放屁是什么原因_百度拇指医生|",|小腹胀痛，胀气，放屁多是什么原因引起的|,1,0
|王姓宝宝起名|,|王姓龙宝宝起名|,0,1
|棋牌游戏大厅哪个好？|,|棋牌类游戏平台哪个好?|,0,1
|全世界和全宇宙那个大啊|,|地球和月球那个大？|,0,1
|国家规定今年过年什么时候放假？|,|过年国家法定节假日是什么什么时候|,0,1
|支付宝和微信支付哪个好|,|支付宝和财付通哪个好？|,0,1
|公园里有什么|,|一什么公园|,0,1
|什么是垃圾食品？包括哪些？|,|什么是垃圾食品，为什么要人们远离垃圾食品？|,0,1
|怎么化眼线？|,|眼线膏怎么用|,0,1
|用花呗支付，扣银行卡的钱|,|花呗线下支付扣了余额里的钱|,1,0
|高中数学题，求助！|,|紧急求助，高财题。财务|,0,1
|早晨上不来气是肺气肿吗|,|早上起床后呼吸不顺畅是肺气肿吗|,1,0
|哪吒的妈叫什么|,|哪吒姓什么？|,0,1
|怎么设置花呗花呗支付密码|,|借呗设密码|,0,1
|帮小说起名字|,|帮小说女主起个名字|,0,1
|素炒蘑菇怎么炒好吃|,|蘑菇怎么做好吃|,0,1
|如何下载同花顺软件|,"|不能交易,要下载app怎么回事|",1,0
|用自己的照片是发型|,|给自己照片换发型|,1,0
|上海哪里有卖素描包|,|上海那里可以学素描|,0,1
|小二核实到已经是成功的哦|,|这边核实了是已经成功的哦|,1,0
|如何参与和搞好学生会工作|,|如何做好学生会主席的工作|,0,1
|急求4人英文短剧剧本|,|7人英语短剧剧本|,0,1
|我的花呗分期了一次还能分期不|,|花呗可以一次分期两次吗|,0,1
|您的账户是否有实名认证呢|,|您的账户是否实名认证呢|,0,1
|同花顺钱包转入资金失败怎么办|,"|我从[机构]账户转了十万多到同花顺钱包,伱们显示转入失败,可[机构]显示已转出成功,目前我两个账户上都没钱|",1,0
|万有引力变奏曲漫画|,|类似万有引力变奏曲|,0,1
|男属兔女属羊可以相配吗？|,|男属虎和女属牛的相配吗？|,0,1
|死得其所的所是什么意思|,|，死得其所什么意思|,1,0
|蚂蚁借呗最好额度|,|蚂蚁借呗最高多少万|,1,0
|资讯页面打不开或显示空白|,"|我现在新闻资讯只能看到标题,看不到具体内容了|",1,0
|收款码为什么不能花呗收款|,|为什么我收钱码花呗客户现在用不了|,1,0
|你造吗？什么意思|,|我宣你，你造吗？都是什么意思？|,1,0
|唐朝历史上最著名的皇帝是谁|,|为什么唐太宗是历史上最著名的皇帝之一？|,0,1
|同花顺人工客服工作时间|,|人工服务什么时候上班|,1,0
|求修改图片中的数字，|,|求图片中的数字字体|,0,1
"|买完了,但是在持仓里看不见|","|我今天买入股票,委托了,但是为什么我的持仓里没有这只股票|",1,0
|说梦话怎么治|,|怎么能不说梦话|,1,0
|忘记股票账号和密码怎么办|,|怎么找到自己的资金帐号|,1,0
|如何刷手机流量|,|手机流量怎么算|,0,1
|这是哪个节目啊|,|这是哪个节目？是戚薇和谁|,1,0
|模拟账号和密码忘记了怎么办|,|模拟账户号忘记了怎么办|,1,0
|减肥晚餐只吃粥，可以吗？|,|晚餐少吃能减肥吗？|,0,1
|手机如何申请微信账号|,|如何用一个手机号申请多个微信账号|,0,1
|上面是操作的流程的。|,|您是按上面的流程操作的吗|,0,1
|最恶心的电影叫什么|,|有什么恶心的电影|,0,1
|白雪公主怎么画|,|和平鸽怎么画|,0,1
|她叫什么名字详细资料|,|这个女的是叫什么名字？详细资料|,1,0
|有什么好用的网络电视播放器|,|有什么好用的视频播放器？|,0,1
|全部紫色的是什么花图片|,|图片中紫色的花是什么花？|,0,1
|福建林业职业技术学院是怎样的学校，好吗？|,|福建林业职业技术学院好吗学校什么样|,1,0
|我想知道我的借呗有什么风险|,|蚂蚁借呗，操作有风险，怎么解除|,1,0
|我的狗叫什么名字？哈哈！|,|这狗叫什么名字|,0,1
|买的猪肉煮来怎么是绿色|,|猪肉怎么是绿色的|,1,0
|求豆花文！|,|求帝王受生子文合集！|,0,1
|最近有什么好看的电视剧不要韩剧|,|最近有什么好看的电视剧韩剧2015|,0,1
|韧带拉伤可以吃止痛药吗？|,|韧带拉伤可以吃牛肉吗？|,0,1
|养鸭子挣钱么？|,|当鸭子挣钱多吗|,0,1
|香港有哪些美女|,|香港的大嘴美女|,0,1
|个人投资理财咨询|,|个人投资理财方法|,0,1
|刀塔传奇的新英雄|,|刀塔传奇选英雄|,1,0
|急求艺术签名|,|设计签名！|,0,1
|花呗支持充中石化的加油卡吗|,|加油卡充值能使用花呗吗|,1,0
|为什么鸽子下蛋不孵化呢|,|今年5月的鸽子到现在为什么还不下蛋|,0,1
|怎样才能去香港那边打工|,|本人想去香港打工|,0,1
|借呗有最低还款嘛|,|我的码蚁借呗不是有最低还款额吗|,1,0
|百度账号能改名字吗|,|的昵称能改吗|,0,1
|求疯狂猜歌答案…|,|【疯狂猜图】求这题的答案！|,0,1
|她是谁，出自什么动漫|,|这个出自什么动漫啊|,1,0
|手机为什么没有声音了？|,|为什么手机视频没有声音|,0,1
|基金交易状态为受理失败但已经扣款怎么办|,|提示交易失败但是[机构]提示已扣款|,1,0
|用花呗有礼息吗|,|分期还还能用吗花呗|,0,1
|[机构]能否使用信用卡或存折开户|,|能不能用存折号开户|,1,0
|为什么眼睛老是感觉很累|,|为什么总是感觉身体很累|,0,1
|加减乘除在计算器上叫什么键？|,|计算器加减乘除是什么健|,1,0
|花呗可用金额怎么降低了|,|蚂蚁花呗金额如何调低|,0,1
|什么手表品牌好|,|什么手表品牌？|,0,1
|忘记通讯密码怎么查询|,|通信密码不知道怎么办|,1,0
|什么方法可以去除烟味|,|什么花草可以去除烟味|,0,1
|高一数学求解答，填空题全部|,|高一数学填空题，求完整解答过程|,0,1
|英格兰今晚能赢吗|,|阿根廷能赢吗？|,0,1
|我爸爸要打我怎么办？|,|考不好爸爸说要打我怎么办才好|,1,0
|泡椒鸡爪什么牌子的好吃|,|什么牌子的泡椒凤爪健康|,0,1
|身份证过期会不会影响借呗借款么|,|身份证过期了，是不是就没有借呗|,1,0
|钩毛线拖鞋图案|,|毛线拖鞋图案|,1,0
|河蟹同心是什么意思|,|异口同心是什么意思|,0,1
|怎么盘头发好看图解|,|怎么编头发好看图解|,0,1
|为什么密付不能用花呗付款|,|我用的花呗付款怎么变成了密付|,1,0
|为什么无法赎回全部的基金|,"|我的[numbers]全部赎回,怎么只给成交一少部分|",1,0
|法学这个专业怎么样|,|法学是个怎样的专业|,1,0
|杨桃花什么颜色|,|什么颜色招桃花|,1,0
|老公过生日做什么菜好吗|,|情人节做什么菜给女朋友吃好|,0,1
|借呗，利息|,|借呗的利息是一年多少|,1,0
|那可以麻烦您在推送框填写一下您的身份证后8位吗|,|辛苦您在推送框里面输入一下身份证后八位。|,1,0
|奥奇传说极品号|,|谁给我个奥奇传说号|,1,0
|我的花呗怎么说要授权通讯录|,|花呗授权通讯录权限|,1,0
|大便里有脓和血是怎么回事|,|大便后有血怎么回事|,0,1
|杭州整牙什么医院好？|,|杭州割包皮什么医院好？|,0,1
|属蛇男跟什么生肖最配|,|跟属兔三合的生肖是哪些？|,0,1
|蚂蚁借呗***个月一次还完可以吗|,|借呗还款可以一次性还剩余的钱么|,1,0
|花呗提前还款分期的|,|花呗能提前还清|,1,0
|天天风之旅怎么刷？|,|天天风之旅怎么玩|,0,1
|我游戏苹果冲值，银行卡已经扣款，花呗还要扣|,|我提示是花呗扣钱，但是我银行卡显示银行卡扣款|,1,0
|如何使用手机level2软件|,|我买的手机l2怎么用|,1,0
|记者比喻什么|,|人们把记者比喻成什么|,0,1
|有什么好看的动画片吗？推荐下啊|,|有什么好看的新电影推荐啊？|,0,1
|我的蚂蚁花呗还可以重开不|,|我的蚂蚁花呗 还能开通吗|,1,0
|童话钢琴双手简谱|,|童话/钢琴数字简谱|,0,1
|直接关闭蚂蚁借呗|,|新闻说要关掉蚂蚁借呗|,0,1
|花呗支付保护|,|花呗免密在保护区内吗|,1,0
|什么动物最爱哭|,|什么动物最短命|,0,1
|为什么我的不能用了借呗|,|蚂蚁借呗已经授权为什么用不了|,1,0
|什么印象了|,|深什么的印象|,1,0
|现在什么手机质量好又便宜|,|现在什么手机质量好点|,0,1
|情人节你想收到什么礼物|,|情人节各位都收到什么礼物了呀|,0,1
|急。请问【朱迪】是个什么植物？|,|这个字体是什么字体啊？急啊|,1,0
|电风扇的扇叶怎么拆？|,|家用小电扇扇叶、电机怎么拆下来|,0,1
|为什么韩愈是唐宋八大家之首？|,|唐宋八大家为什么不是王安石居首位而是韩愈|,1,0
|去国外度蜜月，哪里经济实惠？|,|国外度蜜月去哪里好？|,0,1
|想离婚怎样转移财产|,|离婚转移财产怎么查|,0,1
|皮肤干怎么保养|,|好皮肤都是怎么样保养的？|,0,1
|女性补肾应吃什么药|,|女性补肾吃什么|,0,1
|想更换花呗邦定的支付宝|,|两个支付宝，花呗怎么换这个号上来|,1,0
|百度音乐为什么不能下载啊|,|我上土豆网为什么不能看视频？|,0,1
|分时k线上的bst点是什么意思|,|盘中s信号什么意思|,1,0
|蚂蚁花呗咋个开通不了|,|条件都满足为什么还开通不了花呗|,1,0
|基金定投能不能撤单|,|撤回定投|,1,0
|换手机后自选股找不到了怎么办|,"|我手机换了炒股软件,自选股没有掉了|",1,0
|花呗分期付款，东西退回来的钱去哪里|,|退到蚂蚁花呗里面钱去哪里|,1,0
|攻城掠地好玩不|,|世界杯好玩吗|,1,0
|花呗可以预期几天|,|蚂蚁花呗可以迟后一天还款吗|,1,0
|同花顺钱包转入资金失败怎么办|,|同花顺钱包无法充值|,1,0
|神雕侠侣片头曲是什么|,|2014新版神雕侠侣的片头曲和片尾曲的歌名是什么|,1,0
|我的花呗能自动还款那吗|,|我现在 蚂蚁花呗 是自动还款吗|,0,1
|为什么购买不了创业板股票|,|为什么我的帐户不能做创业板提示我没权限|,1,0
|建设银行9月5日上班吗?|,|10月3号有建设银行上班吗|,0,1
|基金申购能不能撤单|,"|我买了基金,明天基金公司才确认,可以退回吗|",1,0
|如何办理更新身份证信息|,|身份证更换怎么办|,1,0
|《小三》这首歌出自哪部电视剧|,|《小三》MV里是那部电视剧？女主角是谁？|,0,1
|什么意思啊|,|他什么意思啊?|,1,0
|埖落残阳什么意思|,|残阳什么意思|,0,1
|什么是同花顺钱包|,|同花顺钱包是什么服务|,1,0
|有人说我小鲜肉什么意思？|,|小鲜肉是什么意思？|,1,0
|突然头晕恶心，但血压正常，是怎么回事？|,|早上突然头晕，天旋地转，恶心，呕吐是怎么回事|,0,1
|近墨者黑下一句|,|近墨者黑的前一句|,0,1
|花呗在账户险中吗|,|支付宝账户安全险保障花呗吗|,1,0
|电脑上看不到level2的功能怎么办|,|为什么电脑里看不到leve1-2的功能|,1,0
|外甥女和舅舅的关系是什么|,|舅舅和自己是什么关系|,0,1
|我购买的增值服务有哪些|,"|帮我查一下,我开通了什么会员|",1,0
|辛苦您提供下您的商品店铺的链接|,|辛苦您提供下店铺的商品的链接|,0,1
|如何找回人人被删除信息|,|如何把qq中已删除的信息恢复|,0,1
|满山的枫叶像什么？|,|满山的枫叶红了像什么|,0,1
|口服橄榄油有什么好处|,|橄榄油是什么油。对人体有什么好处|,1,0
|深圳沙井哪里有周末兼职|,|深圳市沙井哪里有日结的兼职啊|,0,1
|吃什么头发长得快又长|,|什么方法去黑头又快又有效啊…|,0,1
|有没有这样的图片？|,|这样的图片有没有了？|,1,0
|这个电话号码是否是同花顺的|,|哦我想问一下哦[numbers]是不是咱公司的呃另外的电话|,1,0
|软件是否支持新三板交易|,|同花顺上怎么操作三板股票|,1,0
|游乐时空猎人怎么改密码|,|时空猎人官方版怎么改密码|,0,1
|为什么我花呗刷脸总是过不了|,|花呗刷脸过不去怎么办|,1,0
|胖男生适合留什么发型|,|男生适合啥发型|,1,0
|什么牌子的枸杞好|,|黑枸杞有什么牌子？|,0,1
|男朋友生日做什么事最让他惊喜|,|说什么话，才能让老婆开心|,0,1
|宝宝养什么小动物比较好|,|养什么小动物作伴比较好啊|,0,1
|该怎么加入你们啊？|,|在中贴吧怎么加入|,0,1
|电脑坏了怎么修|,|电脑电源坏了怎么修|,0,1
|北京今年会下雪吗？|,|上海今年会下雪吗？|,0,1
|人教版九年级化学练习册下册答案|,|人教版九年级下册化学练习册答案|,1,0
|绝望是什么意思|,|绝望的绝是什么意思|,0,1
|工商营业执照好办理吗？|,|办理个体工商营业执照要什么条件|,0,1
|怎么辨别真假人民币?|,|2015年出的新版人民币怎么辨别真假|,0,1
|哪个足球队最厉害吗？|,|足球队哪个做厉害了|,1,0
|怎么打魔王？|,|怎样打鲨魔王|,1,0
|成都有什么特色小吃？在哪？|,|辽阳特产是什么，哪里有卖|,0,1
|模拟账号和密码忘记了怎么办|,|忘记模拟账号怎么办|,1,0
|有吃什么对眼睛好的，老年人了，谢谢|,|戴眼镜吃什么对眼睛好|,0,1
|合肥旧货市场在哪里?|,|有谁知道合肥哪里有卖旧货市场吗，比较集中的|,0,1
|孕妇梦见油炸粽子是什么意思|,|孕妇梦见好多粽子是什么意思？|,0,1
|最便宜的服装批发在哪里|,|全国哪里服装批发最便宜|,0,1
|男生染什么颜色好看？|,|男生带什么颜色的表好看。|,0,1
|女生暗恋男生的表现|,|男生暗恋女生的表现|,0,1
|花呗账单是怎么产生的|,|花呗是怎么生成的|,0,1
|农历1999年4月19日是什么星座|,|农历1984年12月24日是什么星座|,0,1
|38节回春医疗保健操mp4下载|,|下载回春医疗保健操66节|,0,1
|草木之心的护肤品怎么样？|,|草木之心产品怎么样，效果好吗|,1,0
|购买的vip用不了怎么办|,|手机vip无法使用|,1,0
|男生会喜欢什么礼物？|,|送喜欢的男生什么礼物|,0,1
|太原今天什么天气|,|天津今天什么天气？|,0,1
|龙与什么生肖相配|,|属兔相配什么生肖|,0,1
|冻结了花呗|,|花呗还会被冻结吗|,0,1
|休闲皮鞋的码子和运动鞋是一样的么|,|皮鞋的鞋码和运动鞋的一样吗|,1,0
|做什么运动可以全身瘦|,|什么运动可以快速瘦全身|,0,1
|为什么不能显示突/积|,"|我的账号怎么看不见,积,突呢|",1,0
|使用花呗分期 还可以享受购物津贴吗|,|用花呗付款能用购物津贴吗|,0,1
|是有什么提示呢|,|恩系统提示是什么哈|,0,1
|代付可以用花呗吧|,|帮人代付，可以使用花呗吗|,0,1
|支付宝红包怎么玩的|,|支付宝红包怎么用啊|,0,1
|杭州整牙什么医院好？|,|杭州什么医院正骨好?|,0,1
|日语ぃきなりの什么意思？|,|日语といえども是什么意思|,0,1
|中国足球的发展会如何|,|中国足球发展怎样|,1,0
|淘宝中的是什么意思？|,|淘宝这个是什么意思？|,0,1
|我手机话费怎么不能用花呗冲了|,|为什么我花呗无法交话费|,1,0
|两只小老鼠的故事|,|关于两只老鼠动画片|,0,1
|无所畏惧的惧什么意思|,|(无所畏惧)是什么意思？|,1,0
|花呗按时还款有利息嘛|,|花呗还清最低，剩下的下个月还有没有利息|,1,0
|忘记通讯密码怎么查询|,|通信密码怎么改|,0,1
|怎样申请2008奥运会志愿者？|,|如何申请成为2012伦敦奥运会志愿者|,0,1
|电脑上账号登录不上去怎么办|,|我的开户登不上去了|,0,1
|怎么关闭花呗自己还款|,|还款了 怎么关掉花呗|,0,1
|妈妈的爸爸叫什么|,|爸爸的妈妈叫什么|,0,1
|听不清楚再说一遍|,|哦重复一下|,1,0
|最近有没有新公测的网游。|,|最近公测的好玩网游|,0,1
|会说话的汤姆|,|会说话的汤姆猫二|,1,0
|现在用什么能看小电影？|,|现在看电影，都有什么好的网站？|,0,1
|肥皂洗脸好吗|,|可以用肥皂洗脸吗？|,0,1
|是会提示您的|,|您的有提示吗|,0,1
|谢谢你朋友！|,|也谢谢你了，朋友|,0,1
|怎么把微信里收藏的视频保存到手机里？|,|怎么将微信收藏的视频搞到qq中|,0,1
|补水面膜哪些好|,|补水面膜哪种好|,0,1
|在我最需要借呗的时候，你们关闭了|,|听说你们要关闭借呗了|,0,1
|有没有特经典伤感的动漫？|,|有没有经典的伤感语句啊？|,0,1
|花呗的额度怎么提升吖|,|怎么评估花呗额度|,0,1
|林志玲和范冰冰谁更漂亮|,|林志玲和范冰冰李冰冰谁漂亮啊|,0,1
|飞鹤奶粉好吗|,|飞鹤奶粉能吃吗|,1,0
|开户绑定[机构]卡不成功怎么办|,|app上开户添加[机构]卡失败了|,1,0
|天天飞车怎么得钻石|,|天天飞车怎么冲钻石|,0,1
|无法绑定是信息还是号码不一致呢|,|号码不一致也是无法绑定信息的|,0,1
|注册问题|,|我的注册号码|,1,0
|社会主义从空想到科学的两个理论基石是什么?|,|科学社会主义两大理论基石是什么？|,1,0
|成为我的新娘吧|,|谁将会成为我的新娘？|,0,1
|花呗逾期还款，利息是多少|,|花呗未按时还款利息|,1,0
|厨师工作难找怎么办|,|有找工作的厨师吗|,0,1
|如何查询账户的总盈亏|,"|近两年收益显示我盈利5万多,实际我是亏损的,请审核发布真实情况|",0,1
|为什么我的手机上传不了头像|,|为什么新浪微博上传不了头像|,0,1
|女性吃香蕉有什么好处|,|吃香蕉对于不同的人都有什么好处|,0,1
|过期奶粉可以喝吗|,|过期的奶粉还能做什么用？|,0,1
|微信怎么隐藏微信号？|,|微信最新版本怎么修改微信号或者隐藏微信号|,0,1
|八年级上物理练习册答案|,|八年级上物理沪粤版练习册答案|,1,0
|借呗怎么借到***万|,|借呗怎么借款***天|,0,1
|酒红色毛衣配什么颜色裙子|,|玫红色毛衣配什么颜色裙子|,0,1
|蚂蚁借呗实名认证如何取消|,|如何解除蚂蚁借呗实名认证|,0,1
|胖的人穿什么衣服显瘦？男|,|穿什么衣服显瘦|,1,0
|请问这个是什么表情？|,|请问这个表情是谁|,0,1
|中国移动4G卡怎么开通流量加油包|,|中国移动的流量加油包怎么开通，谢谢|,1,0
|您用人工审核的方式呢|,|只有人工审核的方式吗|,0,1
|好一点的制作视频，字幕的软件|,|那个视频软件可以制作字幕的，求高手指点!|,0,1
|挂备我，我没用花呗，为什么我还欠花呗的钱|,|我这个没用花呗。为什么还有要还的钱|,1,0
|借呗审核的时候|,|借呗什么时候检查一次|,0,1
|有拖延症怎么办？|,|有没有治疗拖延症的方法？|,0,1
|为什么我的花呗总是刷脸失败|,|蚂蚁花呗刷脸，通过总是通不过怎么办|,1,0
|蚂蚁花呗可以在超市用么|,|花呗可以超市支付|,1,0
|短发适合什么发型|,|我是中短发，适合烫什么发型|,0,1
|如何下载同花顺软件|,|安装手机软件|,1,0
